<?xml version="1.0" encoding="UTF-8"?><?xml-stylesheet type='text/xsl' href='_UpgradeReport_Files/UpgradeReport.xslt'?><UpgradeLog>
<Properties><Property Name="Solution" Value="Console1">
</Property><Property Name="Solution File" Value="G:\FEACHEAP\IVFEACHEAP\Console1.sln">
</Property><Property Name="Date" Value="Wednesday, August 24, 2011">
</Property><Property Name="Time" Value="13:19 PM">
</Property></Properties><Event ErrorLevel="0" Project="" Source="Console1.sln" Description="Solution converted successfully">
</Event><Event ErrorLevel="3" Project="" Source="Console1.sln" Description="Converted">
</Event></UpgradeLog>